,id,title,original_air_date,production_code,season,number_in_season,number_in_series,us_viewers_in_millions,views,imdb_rating
0,10,Homer's Night Out,3/25/90,7G10,1,10,10,30.3,50816.0,7.4
1,12,Krusty Gets Busted,4/29/90,7G12,1,12,12,30.4,62561.0,8.3
2,14,"Bart Gets an ""F""",10/11/90,7F03,2,1,14,33.6,59575.0,8.2
3,17,Two Cars in Every Garage and Three Eyes on Every Fish,11/1/90,7F01,2,4,17,26.1,64959.0,8.1
4,19,Dead Putting Society,11/15/90,7F08,2,6,19,25.4,50691.0,8.0
5,21,Bart the Daredevil,12/6/90,7F06,2,8,21,26.2,57605.0,8.4
6,23,Bart Gets Hit by a Car,1/10/91,7F10,2,10,23,24.8,56486.0,7.8
7,26,Homer vs. Lisa and the 8th Commandment,2/7/91,7F13,2,13,26,26.2,58277.0,8.0
8,28,"Oh Brother, Where Art Thou?",2/21/91,7F16,2,15,28,26.8,47426.0,8.2
9,30,Old Money,3/28/91,7F17,2,17,30,21.2,44331.0,7.6
10,32,Lisa's Substitute,4/25/91,7F19,2,19,32,17.7,52770.0,8.5
11,35,Blood Feud,7/11/91,7F22,2,22,35,17.3,52829.0,8.0
12,37,Mr. Lisa Goes to Washington,9/26/91,8F01,3,2,37,20.2,52098.0,7.7
13,39,Bart the Murderer,10/10/91,8F03,3,4,39,20.8,64342.0,8.7
14,41,"Like Father, Like Clown",10/24/91,8F05,3,6,41,20.2,45586.0,7.7
15,44,Saturdays of Thunder,11/14/91,8F07,3,9,44,24.7,55808.0,7.9
16,46,Burns Verkaufen der Kraftwerk,12/5/91,8F09,3,11,46,21.1,55987.0,8.2
17,48,Radio Bart,1/9/92,8F11,3,13,48,24.2,58919.0,8.5
18,51,Bart the Lover,2/13/92,8F16,3,16,51,20.5,53123.0,8.3
19,53,Separate Vocations,2/27/92,8F15,3,18,53,23.7,61508.0,8.2
20,55,Colonel Homer,3/26/92,8F19,3,20,55,25.5,46901.0,7.9
21,58,Bart's Friend Falls in Love,5/7/92,8F22,3,23,58,19.5,48058.0,7.8
22,60,Kamp Krusty,9/24/92,8F24,4,1,60,21.8,67081.0,8.4
23,65,Itchy & Scratchy: The Movie,11/3/92,9F03,4,6,65,20.1,55740.0,8.2
24,69,Lisa's First Word,12/3/92,9F08,4,10,69,28.6,62070.0,8.5
25,72,Selma's Choice,1/21/93,9F11,4,13,72,24.5,56396.0,8.0
26,7,The Call of the Simpsons,2/18/90,7G09,1,7,7,27.6,57793.0,7.9
27,24,"One Fish, Two Fish, Blowfish, Blue Fish",1/24/91,7F12,2,11,24,24.2,50206.0,8.8
28,80,Marge in Chains,5/6/93,9F20,4,21,80,17.3,68692.0,7.7
29,82,Homer's Barbershop Quartet,9/30/93,9F21,5,1,82,19.9,58390.0,8.4
30,84,Homer Goes to College,10/14/93,1F02,5,3,84,18.1,64802.0,8.6
31,87,Marge on the Lam,11/4/93,1F03,5,6,87,21.7,53490.0,8.0
32,89,Boy-Scoutz 'n the Hood,11/18/93,1F06,5,8,89,20.1,83238.0,8.7
33,92,Homer the Vigilante,1/6/94,1F09,5,11,92,20.1,74673.0,8.2
34,93,Bart Gets Famous,2/3/94,1F11,5,12,93,20.0,66267.0,8.1
35,95,Lisa vs. Malibu Stacy,2/17/94,1F12,5,14,95,20.5,61715.0,8.2
36,98,Bart Gets an Elephant,3/31/94,1F15,5,17,98,17.0,63427.0,7.9
37,102,Lady Bouvier's Lover,5/12/94,1F21,5,21,102,15.1,59503.0,7.5
38,104,Bart of Darkness,9/4/94,1F22,6,1,104,15.1,65126.0,8.6
39,107,Itchy & Scratchy Land,10/2/94,2F01,6,4,107,14.8,72722.0,8.5
40,111,Lisa on Ice,11/13/94,2F05,6,8,111,17.9,63564.0,8.4
41,114,Fear of Flying,12/18/94,2F08,6,11,114,15.6,61569.0,7.8
42,116,And Maggie Makes Three,1/22/95,2F10,6,13,116,17.3,63051.0,8.5
43,118,Homie the Clown,2/12/95,2F12,6,15,118,17.6,73123.0,8.5
44,120,Homer vs. Patty and Selma,2/26/95,2F14,6,17,120,18.9,60599.0,7.9
45,123,Two Dozen and One Greyhounds,4/9/95,2F18,6,20,123,11.6,62323.0,8.1
46,125,'Round Springfield,4/30/95,2F32,6,22,125,12.6,56001.0,8.3
47,127,Lemon of Troy,5/14/95,2F22,6,24,127,13.1,70698.0,8.6
48,130,Radioactive Man,9/24/95,2F17,7,2,130,15.7,62390.0,8.3
49,132,Bart Sells His Soul,10/8/95,3F02,7,4,132,14.8,65333.0,8.7
50,134,Treehouse of Horror VI,10/29/95,3F04,7,6,134,19.7,110342.0,8.5
51,139,Marge Be Not Proud,12/17/95,3F07,7,11,139,16.7,68970.0,8.3
52,140,Team Homer,1/7/96,3F10,7,12,140,16.7,72268.0,8.3
53,143,Bart the Fink,2/11/96,3F12,7,15,143,15.0,71230.0,7.7
54,67,New Kid on the Block,11/12/92,9F06,4,8,67,23.1,54557.0,8.2
55,149,22 Short Films About Springfield,4/14/96,3F18,7,21,149,10.5,66536.0,8.8
56,151,Much Apu About Nothing,5/5/96,3F20,7,23,151,11.3,75618.0,8.0
57,153,Summer of 4 Ft. 2,5/19/96,3F22,7,25,153,14.7,65847.0,8.3
58,157,"Burns, Baby Burns",11/17/96,4F05,8,4,157,12.6,55497.0,7.7
59,160,Lisa's Date with Density,12/15/96,4F01,8,7,160,,60912.0,7.8
60,163,The Springfield Files,1/12/97,3G01,8,10,163,20.9,69555.0,9.0
61,164,The Twisted World of Marge Simpson,1/19/97,4F08,8,11,164,14.0,71813.0,7.8
62,167,The Itchy & Scratchy & Poochie Show,2/9/97,4F12,8,14,167,15.5,58581.0,7.9
63,168,Homer's Phobia,2/16/97,4F11,8,15,168,15.3,63355.0,8.9
64,171,Homer vs. the Eighteenth Amendment,3/16/97,4F15,8,18,171,14.6,83561.0,8.7
65,173,The Canine Mutiny,4/13/97,4F16,8,20,173,,54155.0,7.7
66,175,In Marge We Trust,4/27/97,4F18,8,22,175,16.9,59088.0,8.0
67,178,The Secret War of Lisa Simpson,5/18/97,4F21,8,25,178,12.7,59196.0,7.8
68,180,The Principal and the Pauper,9/28/97,4F23,9,2,180,14.9,48414.0,7.4
69,184,Bart Star,11/9/97,5F03,9,6,184,10.6,31033.0,7.7
70,186,Lisa the Skeptic,11/23/97,5F05,9,8,186,9.3,22318.0,8.0
71,189,"All Singing, All Dancing",1/4/98,5F24,9,11,189,8.9,15780.0,5.1
72,191,The Joy of Sect,2/8/98,5F23,9,13,191,9.4,27710.0,8.2
73,196,This Little Wiggy,3/22/98,5F13,9,18,196,8.9,20739.0,7.8
74,198,The Trouble with Trillions,4/5/98,5F14,9,20,198,7.4,23426.0,7.9
75,200,Trash of the Titans,4/26/98,5F09,9,22,200,10.2,26299.0,8.5
76,203,Natural Born Kissers,5/17/98,5F18,9,25,203,8.6,53823.0,8.1
77,205,The Wizard of Evergreen Terrace,9/20/98,5F21,10,2,205,7.95,53216.0,8.2
78,207,Treehouse of Horror IX,10/25/98,AABF01,10,4,207,8.5,83169.0,8.0
79,212,Mayored to the Mob,12/20/98,AABF05,10,9,212,8.5,56762.0,8.2
80,214,Wild Barts Can't Be Broken,1/17/99,AABF07,10,11,214,8.8,57693.0,7.7
81,219,Make Room for Lisa,2/28/99,AABF12,10,16,219,7.6,53449.0,7.5
82,222,Mom and Pop Art,4/11/99,AABF15,10,19,222,8.5,47851.0,7.6
83,224,Monty Can't Buy Me Love,5/2/99,AABF17,10,21,224,7.26,44242.0,7.2
84,226,Thirty Minutes over Tokyo,5/16/99,AABF20,10,23,226,8.0,55947.0,7.9
85,229,Guess Who's Coming to Criticize Dinner?,10/24/99,AABF21,11,3,229,6.7,46141.0,7.5
86,231,E-I-E-I-(Annoyed Grunt),11/7/99,AABF19,11,5,231,8.4,51431.0,7.6
87,233,Eight Misbehavin',11/21/99,BABF03,11,7,233,9.2,40465.0,7.1
88,238,The Mansion Family,1/23/00,BABF08,11,12,238,11.3,43949.0,7.3
89,240,"Alone Again, Natura-diddily",2/13/00,BABF11,11,14,240,10.8,47392.0,7.9
90,242,Pygmoelian,2/27/00,BABF12,11,16,242,9.4,52891.0,7.3
91,245,Kill the Alligator and Run,4/30/00,BABF16,11,19,245,7.46,52176.0,6.6
92,247,"It's a Mad, Mad, Mad, Mad Marge",5/14/00,BABF18,11,21,247,7.5,54146.0,7.3
93,249,Treehouse of Horror XI,11/1/00,BABF21,12,1,249,13.2,77719.0,7.6
94,251,Insane Clown Poppy,11/12/00,BABF17,12,3,251,16.4,40443.0,7.1
95,254,The Computer Wore Menace Shoes,12/3/00,CABF02,12,6,254,15.6,51100.0,7.7
96,258,Pokey Mom,1/14/01,CABF05,12,10,258,15.0,51024.0,7.3
97,261,Day of the Jackanapes,2/18/01,CABF10,12,13,261,15.4,49986.0,7.2
98,263,"Hungry, Hungry Homer",3/4/01,CABF09,12,15,263,17.6,49811.0,7.4
99,265,Simpson Safari,4/1/01,CABF13,12,17,265,13.3,49065.0,6.9
100,268,Children of a Lesser Clod,5/13/01,CABF16,12,20,268,13.8,50070.0,7.3
101,270,Treehouse of Horror XII,11/6/01,CABF19,13,1,270,13.0,77136.0,7.5
102,272,Homer the Moe,11/18/01,CABF20,13,3,272,14.4,44651.0,7.2
103,274,The Blunder Years,12/9/01,CABF21,13,5,274,12.9,45288.0,7.7
104,279,Half-Decent Proposal,2/10/02,DABF04,13,10,279,13.2,42977.0,7.5
105,281,The Lastest Gun in the West,2/24/02,DABF07,13,12,281,13.2,44787.0,6.5
106,284,Blame It on Lisa,3/31/02,DABF10,13,15,284,11.1,50694.0,7.0
107,286,Gump Roast,4/21/02,DABF12,13,17,286,12.3,46335.0,5.6
108,70,Homer's Triple Bypass,12/17/92,9F09,4,11,70,23.6,57400.0,8.7
109,294,Bart vs. Lisa vs. the Third Grade,11/17/02,DABF20,14,3,294,13.3,43130.0,7.0
110,297,The Great Louse Detective,12/15/02,EABF01,14,6,297,15.5,48110.0,7.3
111,299,The Dad Who Knew Too Little,1/12/03,EABF03,14,8,299,12.8,47170.0,7.3
112,301,Pray Anything,2/9/03,EABF06,14,10,301,13.4,46336.0,6.8
113,306,C.E.D'oh,3/16/03,EABF10,14,15,306,13.0,47386.0,7.3
114,308,Three Gays of the Condo,4/13/03,EABF12,14,17,308,12.02,49263.0,7.2
115,311,"Brake My Wife, Please",5/11/03,EABF15,14,20,311,10.56,47288.0,6.9
116,313,Moe Baby Blues,5/18/03,EABF17,14,22,313,13.44,45931.0,7.7
117,315,My Mother the Carjacker,11/9/03,EABF18,15,2,315,12.4,34590.0,7.3
118,318,The Fat and the Furriest,11/30/03,EABF19,15,5,318,11.7,39180.0,7.2
119,320,'Tis the Fifteenth Season,12/14/03,FABF02,15,7,320,11.3,40667.0,7.2
120,322,"I, (Annoyed Grunt)-bot",1/11/04,FABF04,15,9,322,16.3,42776.0,7.3
121,326,Smart & Smarter,2/22/04,FABF09,15,13,326,12.6,43969.0,7.1
122,328,Co-Dependents' Day,3/21/04,FABF10,15,15,328,11.2,47246.0,6.9
123,331,Catch 'Em If You Can,4/25/04,FABF14,15,18,331,9.3,47274.0,7.0
124,333,The Way We Weren't,5/9/04,FABF13,15,20,333,6.6,43128.0,7.3
125,335,Fraudcast News,5/23/04,FABF18,15,22,335,9.2,44954.0,7.2
126,338,Sleeping with the Enemy,11/21/04,FABF19,16,3,338,9.95,40958.0,7.1
127,340,Fat Man and Little Boy,12/12/04,FABF21,16,5,340,10.31,44210.0,7.1
128,342,Mommie Beerest,1/30/05,GABF01,16,7,342,9.97,46256.0,7.0
129,345,There's Something About Marrying,2/20/05,GABF04,16,10,345,10.39,49371.0,7.1
130,347,Goo Goo Gai Pan,3/13/05,GABF06,16,12,347,10.28,44914.0,7.0
131,349,The Seven-Beer Snitch,4/3/05,GABF08,16,14,349,7.48,45174.0,6.9
132,352,The Heartbroke Kid,5/1/05,GABF11,16,17,352,10.79,50610.0,7.2
133,354,Thank God It's Doomsday,5/8/05,GABF14,16,19,354,10.05,46504.0,7.3
134,357,The Bonfire of the Manatees,9/11/05,GABF18,17,1,357,11.1,33933.0,6.3
135,75,Duffless,2/18/93,9F14,4,16,75,25.7,84874.0,8.3
136,363,The Last of the Red Hat Mamas,11/27/05,GABF22,17,7,363,11.46,39577.0,6.7
137,365,Simpsons Christmas Stories,12/18/05,HABF01,17,9,365,9.8,43082.0,6.9
138,368,My Fair Laddy,2/26/06,HABF05,17,12,368,9.51,39745.0,6.4
139,370,Bart Has Two Mommies,3/19/06,HABF07,17,14,370,8.75,44012.0,7.0
140,372,Million-Dollar Abie,4/2/06,HABF09,17,16,372,7.83,42303.0,6.6
141,376,Regarding Margie,5/7/06,HABF13,17,20,376,8.5,43162.0,6.7
142,379,"The Mook, the Chef, the Wife and Her Homer",9/10/06,HABF15,18,1,379,11.5,41321.0,7.5
143,381,"Please Homer, Don't Hammer 'Em",9/24/06,HABF20,18,3,381,9.72,41865.0,6.8
144,383,G.I. (Annoyed Grunt),11/12/06,HABF21,18,5,383,11.43,42160.0,6.9
145,385,Ice Cream of Margie (with the Light Blue Hair),11/26/06,HABF22,18,7,385,10.9,43032.0,7.0
146,387,"Kill Gil, Volumes I & II",12/17/06,JABF01,18,9,387,8.96,43700.0,6.4
147,390,Little Big Girl,2/11/07,JABF04,18,12,390,8.27,52730.0,7.0
148,392,Yokel Chords,3/4/07,JABF09,18,14,392,9.09,41561.0,7.1
149,394,Homerazzi,3/25/07,JABF06,18,16,394,6.91,42602.0,7.2
150,397,Crook and Ladder,5/6/07,JABF13,18,19,397,7.72,46262.0,7.1
151,399,24 Minutes,5/20/07,JABF14,18,21,399,9.8,45026.0,8.1
152,402,The Homer of Seville,9/30/07,JABF18,19,2,402,8.4,33792.0,6.7
153,406,Little Orphan Millie,11/11/07,JABF22,19,6,406,10.57,39369.0,6.7
154,408,Funeral for a Fiend,11/25/07,KABF01,19,8,408,9.0,42596.0,7.1
155,410,E Pluribus Wiggum,1/6/08,KABF03,19,10,410,8.2,44512.0,6.9
156,413,The Debarted,3/2/08,KABF06,19,13,413,8.18,42141.0,7.7
157,415,Smoke on the Daughter,3/30/08,KABF08,19,15,415,7.1,41735.0,6.7
158,417,Apocalypse Cow,4/27/08,KABF10,19,17,417,7.69,41118.0,6.9
159,419,Mona Leaves-a,5/11/08,KABF12,19,19,419,6.02,39443.0,7.1
160,422,Lost Verizon,10/5/08,KABF15,20,2,422,7.43,38186.0,6.9
161,424,Treehouse of Horror XIX,11/2/08,KABF16,20,4,424,12.48,21509.0,7.1
162,77,So It's Come to This: A Simpsons Clip Show,4/1/93,9F17,4,18,77,25.5,49139.0,7.2
163,433,Gone Maggie Gone,3/15/09,LABF04,20,13,433,5.99,43663.0,7.2
164,438,Father Knows Worst,4/26/09,LABF08,20,18,438,5.94,42390.0,7.0
165,440,Four Great Women and a Manicure,5/10/09,LABF09,20,20,440,5.16,44718.0,6.3
166,442,Homer the Whopper,9/27/09,LABF13,21,1,442,8.31,39936.0,7.1
167,448,Rednecks and Broomsticks,11/29/09,LABF19,21,7,448,9.02,37909.0,6.8
168,450,Thursdays with Abie,1/3/10,MABF02,21,9,450,8.65,36227.0,6.8
169,452,Million Dollar Maybe,1/31/10,MABF03,21,11,452,5.11,40854.0,7.1
170,455,Postcards from the Wedge,3/14/10,MABF04,21,14,455,5.23,41357.0,7.1
171,457,The Greatest Story Ever D'ohed,3/28/10,MABF10,21,16,457,5.69,44070.0,5.7
172,462,Moe Letter Blues,5/9/10,MABF13,21,21,462,5.66,40904.0,6.9
173,464,Judge Me Tender,5/23/10,MABF15,21,23,464,5.74,41830.0,6.6
174,466,Loan-a Lisa,10/3/10,MABF17,22,2,466,8.59,35051.0,6.8
175,469,"Lisa Simpson, This Isn't Your Life",11/14/10,MABF20,22,5,469,8.97,40637.0,7.2
176,472,The Fight Before Christmas,12/5/10,MABF22,22,8,472,9.54,43781.0,6.9
177,473,Donnie Fatso,12/12/10,MABF19,22,9,473,7.18,40276.0,7.0
178,476,Homer the Father,1/23/11,NABF05,22,12,476,6.5,42691.0,7.0
179,478,Angry Dad: The Movie,2/20/11,NABF07,22,14,478,6.35,42693.0,7.2
180,480,A Midsummer's Nice Dream,3/13/11,NABF09,22,16,480,5.44,38893.0,6.1
181,482,The Great Simpsina,4/10/11,NABF11,22,18,482,4.99,41560.0,7.0
182,485,500 Keys,5/15/11,NABF14,22,21,485,6.0,46660.0,7.3
183,487,The Falcon and the D'ohman,9/25/11,NABF16,23,1,487,8.08,39209.0,7.2
184,489,Treehouse of Horror XXII,10/30/11,NABF19,23,3,489,8.1,63816.0,6.6
185,491,The Food Wife,11/13/11,NABF20,23,5,491,7.5,42746.0,7.2
186,494,The Ten-Per-Cent Solution,12/4/11,PABF02,23,8,494,9.01,39002.0,6.2
187,496,"Politically Inept, with Homer Simpson",1/8/12,PABF03,23,10,496,5.07,44074.0,6.1
188,498,Moe Goes from Rags to Riches,1/29/12,PABF05,23,12,498,5.12,39838.0,5.7
189,447,Pranks and Greens,11/22/09,LABF18,21,6,447,7.03,,6.7
190,91,"$pringfield (or, How I Learned to Stop Worrying and Love Legalized Gambling)",12/16/93,1F08,5,10,91,17.9,82216.0,8.5
191,504,Beware My Cheating Bart,4/15/12,PABF11,23,18,504,4.86,43422.0,7.1
192,506,The Spy Who Learned Me,5/6/12,PABF13,23,20,506,4.84,43544.0,6.9
193,508,Lisa Goes Gaga,5/20/12,PABF14,23,22,508,4.82,44434.0,4.5
194,513,Penny-Wiseguys,11/18/12,PABF19,24,5,513,5.06,36897.0,6.3
195,516,To Cur with Love,12/16/12,RABF01,24,8,516,3.77,40726.0,7.2
196,518,A Test Before Trying,1/13/13,RABF03,24,10,518,5.04,41542.0,7.0
197,520,Love is a Many-Splintered Thing,2/10/13,RABF07,24,12,520,4.19,41828.0,6.5
198,522,Gorgeous Grampa,3/3/13,RABF06,24,14,522,4.66,39510.0,6.2
199,525,What Animated Women Want,4/14/13,RABF08,24,17,525,4.11,43471.0,6.5
200,527,Whiskey Business,5/5/13,RABF13,24,19,527,4.43,42810.0,6.8
201,531,Homerland,9/29/13,RABF20,25,1,531,6.37,47531.0,7.0
202,534,YOLO,11/10/13,RABF22,25,4,534,4.2,44551.0,6.7
203,536,The Kid Is All Right,11/24/13,SABF02,25,6,536,6.78,39590.0,6.5
204,538,White Christmas Blues,12/15/13,SABF01,25,8,538,8.48,39290.0,6.5
205,541,Specs and the City,1/26/14,SABF06,25,11,541,3.87,44119.0,7.2
206,543,The Man Who Grew Too Much,3/9/14,SABF07,25,13,543,3.75,44512.0,6.7
207,545,The War of Art,3/23/14,SABF10,25,15,545,3.98,41726.0,7.0
208,547,Luca$,4/6/14,SABF12,25,17,547,4.3,45184.0,6.5
209,550,Brick Like Me,5/4/14,RABF21,25,20,550,4.39,65613.0,7.7
210,552,The Yellow Badge of Cowardge,5/18/14,SABF18,25,22,552,3.28,46408.0,6.7
211,554,The Wreck of the Relationship,10/5/14,SABF17,26,2,554,4.27,38411.0,6.9
212,557,Opposites A-Frack,11/2/14,SABF22,26,5,557,4.22,36410.0,6.3
213,559,Blazed and Confused,11/16/14,TABF01,26,7,559,6.7,43513.0,6.9
214,562,The Man Who Came to Be Dinner,1/4/15,RABF15,26,10,562,10.62,36622.0,6.8
215,564,The Musk Who Fell to Earth,1/25/15,TABF04,26,12,564,3.29,35848.0,5.8
216,570,Peeping Mom,4/19/15,TABF11,26,18,570,3.23,40157.0,6.7
217,9,Life on the Fast Lane,3/18/90,7G11,1,9,9,33.5,64776.0,7.5
218,11,The Crepes of Wrath,4/15/90,7G13,1,11,11,31.2,60458.0,7.8
219,13,Some Enchanted Evening,5/13/90,7G01,1,13,13,27.1,57590.0,7.9
220,15,Simpson and Delilah,10/18/90,7F02,2,2,15,29.9,58553.0,8.3
221,16,Treehouse of Horror,10/25/90,7F04,2,3,16,27.4,130282.0,8.2
222,18,Dancin' Homer,11/8/90,7F05,2,5,18,26.1,49005.0,7.5
223,20,Bart vs. Thanksgiving,11/22/90,7F07,2,7,20,25.9,47539.0,7.7
224,22,Itchy & Scratchy & Marge,12/20/90,7F09,2,9,22,22.2,55413.0,8.1
225,25,The Way We Was,1/31/91,7F11,2,12,25,26.8,51182.0,8.2
226,27,Principal Charming,2/14/91,7F15,2,14,27,23.9,46823.0,7.5
227,29,"Bart's Dog Gets an ""F""",3/7/91,7F14,2,16,29,23.9,47780.0,7.5
228,33,The War of the Simpsons,5/2/91,7F20,2,20,33,19.7,51997.0,7.9
229,573,Bull-E,5/10/15,TABF15,26,21,573,2.77,43978.0,6.8
230,576,Cue Detective,10/4/15,TABF17,27,2,576,6.02,178.0,6.7
231,580,Friend with Benefit,11/8/15,TABF21,27,6,580,3.48,175.0,6.8
232,583,Barthood,12/13/15,VABF02,27,9,583,5.97,182.0,8.4
233,585,Teenage Mutant Milk-Caused Hurdles,1/10/16,VABF04,27,11,585,8.33,172.0,6.8
234,598,"Friends and Family""[203]",10/2/16,VABF18,28,2,598,,,
235,599,"The Town""[205]",10/9/16,VABF17,28,3,599,,,
236,600,"Treehouse of Horror XXVII""[207]",10/16/16,VABF16,28,4,600,,,
237,588,Gal of Constant Sorrow,2/21/16,VABF06,27,14,588,3.1,144.0,6.6
238,590,The Marge-ian Chronicles,3/13/16,VABF09,27,16,590,3.07,201.0,7.3
239,593,Fland Canyon,4/24/16,VABF12,27,19,593,2.77,192.0,7.1
240,595,Simprovised,5/15/16,VABF13,27,21,595,2.8,228.0,6.4
241,1,Simpsons Roasting on an Open Fire,12/17/89,7G08,1,1,1,26.7,171408.0,8.2
242,2,Bart the Genius,1/14/90,7G02,1,2,2,24.5,91423.0,7.8
243,4,There's No Disgrace Like Home,1/28/90,7G04,1,4,4,20.2,67378.0,7.8
244,6,Moaning Lisa,2/11/90,7G06,1,6,6,27.4,55355.0,7.6
245,8,The Telltale Head,2/25/90,7G07,1,8,8,28.0,66311.0,7.7
246,34,Three Men and a Comic Book,5/9/91,7F21,2,21,34,21.0,50403.0,8.4
247,36,Stark Raving Dad,9/19/91,7F24,3,1,36,22.9,55238.0,8.6
248,38,When Flanders Failed,10/3/91,7F23,3,3,38,22.8,53499.0,8.2
249,40,Homer Defined,10/17/91,8F04,3,5,40,20.6,50601.0,8.5
250,78,The Front,4/15/93,9F16,4,19,78,20.1,53404.0,8.1
251,73,Brother from the Same Planet,2/4/93,9F12,4,14,73,23.8,59040.0,8.1
252,86,Treehouse of Horror IV,10/28/93,1F04,5,5,86,24.0,110251.0,8.7
253,71,Marge vs. the Monorail,1/14/93,9F10,4,12,71,23.0,88171.0,9.0
254,74,I Love Lisa,2/11/93,9F13,4,15,74,25.2,62309.0,8.3
255,90,The Last Temptation of Homer,12/9/93,1F07,5,9,90,20.6,59350.0,8.4
256,54,Dog of Death,3/12/92,8F17,3,19,54,23.4,49665.0,7.7
257,42,Treehouse of Horror II,10/31/91,8F02,3,7,42,20.0,103012.0,8.2
258,43,Lisa's Pony,11/7/91,8F06,3,8,43,23.0,53093.0,7.9
259,66,Marge Gets a Job,11/5/92,9F05,4,7,66,22.9,69527.0,7.8
260,47,I Married Marge,12/26/91,8F10,3,12,47,21.9,47880.0,8.2
261,76,Last Exit to Springfield,3/11/93,9F15,4,17,76,22.4,71907.0,9.0
262,49,Lisa the Greek,1/23/92,8F12,3,14,49,23.2,49457.0,8.0
263,57,The Otto Show,4/23/92,8F21,3,22,57,17.5,50068.0,7.7
264,85,Rosebud,10/21/93,1F01,5,4,85,19.5,57149.0,8.9
265,50,Homer Alone,2/6/92,8F14,3,15,50,23.7,58991.0,8.0
266,52,Homer at the Bat,2/20/92,8F13,3,17,52,24.6,72378.0,8.6
267,79,Whacking Day,4/29/93,9F18,4,20,79,20.0,60739.0,8.1
268,63,Lisa the Beauty Queen,10/15/92,9F02,4,4,63,19.0,52203.0,7.8
269,81,Krusty Gets Kancelled,5/13/93,9F19,4,22,81,19.4,59948.0,8.2
270,56,Black Widower,4/9/92,8F20,3,21,56,17.3,57582.0,8.2
271,61,A Streetcar Named Marge,10/1/92,8F18,4,2,61,18.3,54487.0,8.1
272,64,Treehouse of Horror III,10/29/92,9F04,4,5,64,25.1,108171.0,8.4
273,68,Mr. Plow,11/19/92,9F07,4,9,68,24.0,63564.0,8.8
274,94,Homer and Apu,2/10/94,1F10,5,13,94,21.8,58716.0,8.3
275,97,Homer Loves Flanders,3/17/94,1F14,5,16,97,18.0,69996.0,8.5
276,99,Burns' Heir,4/14/94,1F16,5,18,99,14.7,81678.0,8.4
277,137,Sideshow Bob's Last Gleaming,11/26/95,3F08,7,9,137,14.2,61246.0,8.0
278,113,Grampa vs. Sexual Inadequacy,12/4/94,2F07,6,10,113,14.1,64719.0,8.0
279,147,A Fish Called Selma,3/24/96,3F15,7,19,147,12.9,57830.0,8.2
280,117,Bart's Comet,2/5/95,2F11,6,14,117,18.7,67619.0,8.6
281,131,Home Sweet Homediddly-Dum-Doodily,10/1/95,3F01,7,3,131,14.5,70120.0,8.3
282,142,Scenes from the Class Struggle in Springfield,2/4/96,3F11,7,14,142,14.4,58572.0,7.7
283,119,Bart vs. Australia,2/19/95,2F13,6,16,119,15.1,80724.0,8.5
284,135,King-Size Homer,11/5/95,3F05,7,7,135,17.0,81426.0,9.0
285,103,Secrets of a Successful Marriage,5/19/94,1F20,5,22,103,15.6,67959.0,8.0
286,105,Lisa's Rival,9/11/94,1F17,6,2,105,16.7,54225.0,8.1
287,121,A Star Is Burns,3/5/95,2F31,6,18,121,14.4,71936.0,8.5
288,122,Lisa's Wedding,3/19/95,2F15,6,19,122,14.4,74266.0,8.3
289,106,Another Simpsons Clip Show,9/25/94,2F33,6,3,106,13.5,42576.0,6.0
290,133,Lisa the Vegetarian,10/15/95,3F03,7,5,133,14.6,69245.0,8.5
291,124,The PTA Disbands,4/16/95,2F19,6,21,124,11.8,74788.0,8.1
292,108,Sideshow Bob Roberts,10/9/94,2F02,6,5,108,14.4,76932.0,8.3
293,110,Bart's Girlfriend,11/6/94,2F04,6,7,110,15.3,62450.0,8.0
294,129,Who Shot Mr. Burns? (Part Two),9/17/95,2F20,7,1,129,16.0,67579.0,8.9
295,126,The Springfield Connection,5/7/95,2F21,6,23,126,12.7,79777.0,8.2
296,145,Homer the Smithers,2/25/96,3F14,7,17,145,14.1,68354.0,8.9
297,112,Homer Badman,11/27/94,2F06,6,9,112,17.0,71577.0,9.0
298,115,Homer the Great,1/8/95,2F09,6,12,115,20.1,71002.0,8.9
299,138,The Simpsons 138th Episode Spectacular,12/3/95,3F31,7,10,138,16.4,56153.0,7.5
300,141,Two Bad Neighbors,1/14/96,3F09,7,13,141,16.5,64224.0,8.7
301,144,Lisa the Iconoclast,2/18/96,3F13,7,16,144,13.4,58795.0,8.1
302,136,Mother Simpson,11/19/95,3F06,7,8,136,15.3,61085.0,8.5
303,150,"Raging Abe Simpson and His Grumbling Grandson in ""The Curse of the Flying Hellfish""",4/28/96,3F19,7,22,150,13.0,69120.0,8.3
304,152,Homerpalooza,5/19/96,3F21,7,24,152,12.9,60569.0,8.0
305,181,Lisa's Sax,10/19/97,3G02,9,3,181,12.9,20008.0,8.1
306,166,Simpsoncalifragilisticexpiala(Annoyed Grunt)cious,2/7/97,3G03,8,13,166,17.7,57608.0,7.7
307,154,Treehouse of Horror VII,10/27/96,4F02,8,1,154,18.3,102077.0,8.3
308,169,Brother from Another Series,2/23/97,4F14,8,16,169,15.1,56659.0,8.2
309,156,The Homer They Fall,11/10/96,4F03,8,3,156,17.0,61146.0,8.0
310,158,Bart After Dark,11/24/96,4F06,8,5,158,14.1,60210.0,8.2
311,202,Lost Our Lisa,5/10/98,5F17,9,24,202,7.6,55316.0,7.7
312,199,Girly Edition,4/19/98,5F15,9,21,199,8.5,21811.0,7.9
313,187,Realty Bites,12/7/97,5F06,9,9,187,10.6,25183.0,7.5
314,174,The Old Man and the Lisa,4/20/97,4F17,8,21,174,14.0,56833.0,7.9
315,159,A Milhouse Divided,12/1/96,4F04,8,6,159,12.8,60956.0,8.0
316,170,"My Sister, My Sitter",3/2/97,4F13,8,17,170,15.1,54247.0,8.1
317,193,The Last Temptation of Krust,2/22/98,5F10,9,15,193,9.5,20298.0,7.5
318,183,The Cartridge Family,11/2/97,5F01,9,5,183,10.3,30921.0,8.2
319,172,Grade School Confidential,4/6/97,4F09,8,19,172,13.3,60584.0,8.2
320,161,Hurricane Neddy,12/29/96,4F07,8,8,161,,66281.0,8.8
321,197,Simpson Tide,3/29/98,3G04,9,19,197,9.0,23127.0,8.3
322,177,The Simpsons Spin-Off Showcase,5/11/97,4F20,8,24,177,11.6,57926.0,7.3
323,179,The City of New York vs. Homer Simpson,9/21/97,4F22,9,1,179,10.5,62962.0,9.1
324,188,Miracle on Evergreen Terrace,12/21/97,5F07,9,10,188,9.6,19899.0,7.6
325,201,King of the Hill,5/3/98,5F16,9,23,201,9.2,60952.0,8.3
326,192,Das Bus,2/15/98,5F11,9,14,192,9.6,32487.0,8.1
327,204,Lard of the Dance,8/23/98,5F20,10,1,204,7.0,56018.0,7.6
328,190,Bart Carny,1/11/98,5F08,9,12,190,11.7,22426.0,7.7
329,195,Lisa the Simpson,3/8/98,4F24,9,17,195,10.4,21608.0,8.0
330,146,The Day the Violence Died,3/17/96,3F16,7,18,146,14.4,57809.0,8.0
331,208,When You Dish Upon a Star,11/8/98,5F19,10,5,208,9.0,43485.0,7.3
332,210,"Lisa Gets an ""A""",11/22/98,AABF03,10,7,210,8.0,50013.0,8.0
333,211,"Homer Simpson in: ""Kidney Trouble""",12/6/98,AABF04,10,8,211,7.2,50300.0,7.3
334,252,Lisa the Tree Hugger,11/19/00,CABF01,12,4,252,14.9,39480.0,7.2
335,215,"Sunday, Cruddy Sunday",1/31/99,AABF08,10,12,215,11.5,50051.0,6.9
336,220,Maximum Homerdrive,3/28/99,AABF13,10,17,220,15.5,54195.0,7.6
337,232,"Hello Gutter, Hello Fadder",11/14/99,BABF02,11,6,232,9.2,44615.0,7.3
338,221,Simpsons Bible Stories,4/4/99,AABF14,10,18,221,12.2,47155.0,7.3
339,260,Tennis the Menace,2/11/01,CABF07,12,12,260,14.0,51004.0,6.9
340,213,Viva Ned Flanders,1/10/99,AABF06,10,10,213,11.5,56561.0,7.8
341,230,Treehouse of Horror X,10/31/99,BABF01,11,4,230,8.7,47980.0,7.7
342,246,Last Tap Dance in Springfield,5/7/00,BABF15,11,20,246,7.3,47061.0,7.2
343,228,Brother's Little Helper,10/3/99,AABF22,11,2,228,7.1,44172.0,7.5
344,223,"The Old Man and the ""C"" Student",4/25/99,AABF16,10,20,223,6.9,47550.0,7.3
345,243,Bart to the Future,3/19/00,BABF13,11,17,243,8.77,75315.0,7.0
346,227,Beyond Blunderdome,9/26/99,AABF23,11,1,227,8.1,34394.0,7.3
347,225,They Saved Lisa's Brain,5/9/99,AABF18,10,22,225,6.8,47951.0,7.3
348,216,Homer to the Max,2/7/99,AABF09,10,13,216,8.3,55726.0,7.7
349,234,"Take My Wife, Sleaze",11/28/99,BABF05,11,8,234,8.9,41484.0,7.1
350,236,Little Big Mom,1/9/00,BABF04,11,10,236,10.0,48194.0,7.3
351,237,Faith Off,1/16/00,BABF06,11,11,237,10.4,43869.0,6.9
352,259,Worst Episode Ever,2/4/01,CABF08,12,11,259,18.5,49893.0,7.5
353,239,Saddlesore Galactica,2/6/00,BABF09,11,13,239,9.6,41259.0,6.6
354,248,Behind the Laughter,5/21/00,BABF19,11,22,248,8.3,74046.0,7.9
355,255,The Great Money Caper,12/10/00,CABF03,12,7,255,16.8,49325.0,7.3
356,241,Missionary: Impossible,2/20/00,BABF10,11,15,241,9.8,50427.0,7.3
357,244,Days of Wine and D'oh'ses,4/9/00,BABF14,11,18,244,8.3,48786.0,7.4
358,148,Bart on the Road,3/31/96,3F17,7,20,148,11.8,70913.0,8.6
359,264,"Bye, Bye, Nerdie",3/11/01,CABF11,12,16,264,16.1,45718.0,6.5
360,267,I'm Goin' to Praiseland,5/6/01,CABF15,12,19,267,13.1,49321.0,7.3
361,269,Simpsons Tall Tales,5/20/01,CABF17,12,21,269,13.4,56698.0,7.0
362,287,I Am Furious (Yellow),4/28/02,DABF13,13,18,287,12.4,69650.0,7.7
363,288,The Sweetest Apu,5/5/02,DABF14,13,19,288,11.8,47193.0,6.9
364,316,The President Wore Pearls,11/16/03,EABF20,15,3,316,12.7,37456.0,7.0
365,271,The Parent Rap,11/11/01,CABF22,13,2,271,14.9,47251.0,7.1
366,285,Weekend at Burnsie's,4/7/02,DABF11,13,16,285,12.5,54539.0,7.7
367,295,Large Marge,11/24/02,DABF18,14,4,295,17.4,55369.0,7.1
368,280,The Bart Wants What It Wants,2/17/02,DABF06,13,11,280,11.2,45176.0,7.1
369,305,Mr. Spritz Goes to Washington,3/9/03,EABF09,14,14,305,14.4,44837.0,6.9
370,273,A Hunka Hunka Burns in Love,12/2/01,CABF18,13,4,273,13.4,37376.0,7.2
371,293,How I Spent My Strummer Vacation,11/10/02,DABF22,14,2,293,12.5,35578.0,7.3
372,275,She of Little Faith,12/16/01,DABF02,13,6,275,13.2,45824.0,7.1
373,296,Helter Shelter,12/1/02,DABF21,14,5,296,15.1,42907.0,6.8
374,283,Tales from the Public Domain,3/17/02,DABF08,13,14,283,11.7,50301.0,7.3
375,300,The Strong Arms of the Ma,2/2/03,EABF04,14,9,300,15.4,51877.0,6.9
376,276,Brawl in the Family,1/6/02,DABF01,13,7,276,11.8,45684.0,6.9
377,278,Jaws Wired Shut,1/27/02,DABF05,13,9,278,14.2,49429.0,7.3
378,289,Little Girl in the Big Ten,5/12/02,DABF15,13,20,289,11.2,46466.0,7.2
379,310,Old Yeller-Belly,5/4/03,EABF14,14,19,310,11.59,43223.0,6.8
380,298,Special Edna,1/5/03,EABF02,14,7,298,15.0,40867.0,7.1
381,302,Barting Over,2/16/03,EABF05,14,11,302,21.3,47276.0,6.6
382,309,"Dude, Where's My Ranch?",4/27/03,EABF13,14,18,309,11.71,49000.0,7.0
383,312,The Bart of War,5/18/03,EABF16,14,21,312,12.1,50464.0,6.6
384,314,Treehouse of Horror XIV,11/2/03,EABF21,15,1,314,16.22,68381.0,7.4
385,165,Mountain of Madness,2/2/97,4F10,8,12,165,9.1,60763.0,8.6
386,319,Today I Am a Clown,12/7/03,FABF01,15,6,319,10.5,37890.0,6.6
387,321,"Marge vs. Singles, Seniors, Childless Couples and Teens and Gays",1/4/04,FABF03,15,8,321,12.0,50276.0,6.7
388,323,Diatribe of a Mad Housewife,1/25/04,FABF05,15,10,323,10.6,45062.0,7.3
389,337,All's Fair in Oven War,11/14/04,FABF20,16,2,337,11.64,41064.0,7.0
390,334,Bart-Mangled Banner,5/16/04,FABF17,15,21,334,8.7,56275.0,6.2
391,353,A Star Is Torn,5/8/05,GABF13,16,18,353,8.72,44500.0,6.8
392,362,See Homer Run,11/20/05,GABF21,17,6,362,10.3,40306.0,6.9
393,325,Milhouse Doesn't Live Here Anymore,2/15/04,FABF07,15,12,325,9.4,46792.0,7.3
394,327,The Ziff Who Came to Dinner,3/14/04,FABF08,15,14,327,10.7,43747.0,6.9
395,343,Homer and Ned's Hail Mary Pass,2/6/05,GABF02,16,8,343,23.07,43356.0,6.4
396,358,The Girl Who Slept Too Little,9/18/05,GABF16,17,2,358,9.79,35717.0,6.9
397,329,The Wandering Juvie,3/28/04,FABF11,15,16,329,10.5,44539.0,6.9
398,359,Milhouse of Sand and Fog,9/25/05,GABF19,17,3,359,10.19,35779.0,7.0
399,360,Treehouse of Horror XVI,11/6/05,GABF17,17,4,360,11.63,74401.0,7.3
400,366,Homer's Paternity Coot,1/8/06,HABF03,17,10,366,10.1,39552.0,6.7
401,339,She Used to Be My Girl,12/5/04,FABF22,16,4,339,10.81,38908.0,6.6
402,330,My Big Fat Geek Wedding,4/18/04,FABF12,15,17,330,9.2,42440.0,6.7
403,350,Future-Drama,4/17/05,GABF12,16,15,350,8.31,53146.0,7.3
404,364,The Italian Bob,12/11/05,HABF02,17,8,364,10.39,45513.0,7.0
405,332,Simple Simpson,5/2/04,FABF15,15,19,332,9.5,46273.0,7.3
406,367,We're on the Road to D'ohwhere,1/29/06,HABF04,17,11,367,9.04,43599.0,7.0
407,346,On a Clear Day I Can't See My Sister,3/6/05,GABF05,16,11,346,10.39,46309.0,6.9
408,355,Home Away from Homer,5/15/05,GABF15,16,20,355,8.17,44606.0,7.1
409,336,Treehouse of Horror XV,11/7/04,FABF23,16,1,336,11.29,72271.0,7.4
410,341,Midnight Rx,1/16/05,FABF16,16,6,341,8.11,43118.0,7.3
411,344,Pranksta Rap,2/13/05,GABF03,16,9,344,8.01,42759.0,6.8
412,194,Dumbbell Indemnity,3/1/98,5F12,9,16,194,10.3,21214.0,7.6
413,375,Girls Just Want to Have Sums,4/30/06,HABF12,17,19,375,8.7,45267.0,7.2
414,377,The Monkey Suit,5/14/06,HABF14,17,21,377,8.3,48419.0,7.1
415,396,The Boys of Bummer,4/29/07,JABF11,18,18,396,7.57,44770.0,6.3
416,405,Treehouse of Horror XVIII,11/4/07,JABF16,19,5,405,11.7,69957.0,7.1
417,393,Rome-Old and Juli-Eh,3/11/07,JABF08,18,15,393,8.98,41751.0,6.3
418,416,Papa Don't Leech,4/13/08,KABF09,19,16,416,6.9,39238.0,6.1
419,378,Marge and Homer Turn a Couple Play,5/21/06,HABF16,17,22,378,8.23,42778.0,6.6
420,388,The Wife Aquatic,1/7/07,JABF03,18,10,388,13.9,41312.0,6.6
421,423,"Double, Double, Boy in Trouble",10/19/08,KABF14,20,3,423,8.09,45781.0,7.0
422,382,Treehouse of Horror XVII,11/5/06,HABF17,18,4,382,10.43,68799.0,7.1
423,411,That '90s Show,1/27/08,KABF04,19,11,411,7.6,43485.0,6.3
424,428,The Burns and the Bees,12/7/08,KABF21,20,8,428,6.19,38247.0,6.6
425,384,Moe'N'a Lisa,11/19/06,HABF19,18,6,384,9.31,37177.0,6.8
426,386,The Haw-Hawed Couple,12/10/06,JABF02,18,8,386,8.29,41161.0,7.2
427,407,Husbands and Knives,11/18/07,JABF17,19,7,407,10.5,44445.0,7.1
428,420,All About Lisa,5/18/08,KABF13,19,20,420,6.11,44616.0,6.4
429,400,You Kent Always Say What You Want,5/20/07,JABF15,18,22,400,9.8,45281.0,7.3
430,425,Dangerous Curves,11/9/08,KABF18,20,5,425,8.16,40078.0,6.6
431,391,Springfield Up,2/18/07,JABF07,18,13,391,8.8,45036.0,7.3
432,389,Revenge Is a Dish Best Served Three Times,1/28/07,JABF05,18,11,389,8.09,67621.0,7.0
433,395,Marge Gamer,4/22/07,JABF10,18,17,395,6.4,47107.0,7.3
434,398,Stop! Or My Dog Will Shoot,5/13/07,JABF12,18,20,398,6.48,42892.0,7.0
435,414,Dial 'N' for Nerder,3/9/08,KABF07,19,14,414,7.3,41658.0,7.3
436,412,"Love, Springfieldian Style",2/17/08,KABF05,19,12,412,7.81,40507.0,6.6
437,427,MyPods and Boomsticks,11/30/08,KABF20,20,7,427,7.8,40353.0,7.1
438,421,"Sex, Pies and Idiot Scrapes",9/28/08,KABF17,20,1,421,9.3,45735.0,7.2
439,418,Any Given Sundance,5/4/08,KABF11,19,18,418,6.18,41440.0,7.0
440,206,Bart the Mother,9/27/98,5F22,10,3,206,7.35,43240.0,7.5
441,430,"Take My Life, Please",2/15/09,LABF01,20,10,430,6.82,40679.0,7.0
442,432,"No Loan Again, Naturally",3/8/09,LABF03,20,12,432,5.99,41165.0,7.0
443,465,Elementary School Musical,9/26/10,MABF21,22,1,465,7.75,31638.0,6.3
444,439,"Waverly Hills, 9-0-2-1-D'oh",5/3/09,LABF10,20,19,439,6.75,45032.0,7.1
445,463,The Bob Next Door,5/16/10,MABF11,21,22,463,6.26,43446.0,7.2
446,437,"The Good, the Sad and the Drugly",4/19/09,LABF07,20,17,437,6.5,45179.0,7.2
447,451,Once Upon a Time in Springfield,1/10/10,LABF20,21,10,451,14.62,40194.0,6.7
448,443,Bart Gets a 'Z',10/4/09,LABF15,21,2,443,9.32,38196.0,6.6
449,436,Eeny Teeny Maya Moe,4/5/09,LABF06,20,16,436,6.5,40864.0,7.2
450,459,Chief of Hearts,4/18/10,MABF09,21,18,459,5.93,41528.0,6.9
451,444,The Great Wife Hope,10/11/09,LABF16,21,3,444,7.5,39134.0,6.3
452,461,To Surveil with Love,5/2/10,MABF12,21,20,461,6.06,45738.0,7.2
453,479,The Scorpion's Tale,3/6/11,NABF08,22,15,479,6.2,42142.0,6.7
454,477,The Blue and the Gray,2/13/11,NABF06,22,13,477,5.61,42028.0,6.9
455,454,The Color Yellow,2/21/10,MABF06,21,13,454,6.08,41059.0,6.6
456,470,The Fool Monty,11/21/10,NABF01,22,6,470,6.58,38097.0,6.5
457,449,"O Brother, Where Bart Thou?",12/13/09,MABF01,21,8,449,7.11,38097.0,7.2
458,453,Boy Meets Curl,2/14/10,MABF05,21,12,453,5.87,44945.0,6.8
459,481,Love Is a Many Strangled Thing,3/27/11,NABF10,22,17,481,6.14,41202.0,6.5
460,446,The Devil Wears Nada,11/15/09,LABF17,21,5,446,9.04,42893.0,6.7
461,484,Homer Scissorhands,5/8/11,NABF13,22,20,484,5.48,46154.0,7.2
462,456,Stealing First Base,3/21/10,MABF07,21,15,456,5.69,40487.0,7.0
463,471,How Munched is That Birdie in the Window?,11/28/10,NABF02,22,7,471,9.38,37568.0,6.4
464,483,The Real Housewives of Fat Tony,5/1/11,NABF12,22,19,483,6.1,41638.0,6.6
465,474,Moms I'd Like to Forget,1/9/11,NABF03,22,10,474,12.6,41253.0,6.3
466,467,MoneyBart,10/10/10,MABF18,22,3,467,6.72,39073.0,6.8
467,475,Flaming Moe,1/16/11,NABF04,22,11,475,6.47,42734.0,6.9
468,217,I'm with Cupid,2/14/99,AABF11,10,14,217,7.7,46822.0,7.3
469,488,Bart Stops to Smell the Roosevelts,10/2/11,NABF17,23,2,488,6.19,37642.0,7.0
470,490,Replaceable You,11/6/11,NABF21,23,4,490,7.97,38034.0,6.7
471,497,The D'oh-cial Network,1/15/12,PABF04,23,11,497,11.48,43275.0,7.0
472,540,Married to the Blob,1/12/14,SABF03,25,10,540,4.83,40646.0,7.1
473,507,Ned 'n Edna's Blend,5/13/12,PABF15,23,21,507,4.07,47005.0,6.7
474,512,Gone Abie Gone,11/11/12,PABF16,24,4,512,6.86,35136.0,6.7
475,517,Homer Goes to Prep School,1/6/13,RABF02,24,9,517,8.97,42306.0,6.9
476,533,Four Regrettings and a Funeral,11/3/13,RABF18,25,3,533,5.43,39301.0,6.5
477,537,Yellow Subterfuge,12/8/13,SABF04,25,7,537,6.85,43717.0,7.0
478,505,A Totally Fun Thing That Bart Will Never Do Again,4/29/12,PABF12,23,19,505,5.0,53058.0,7.4
479,492,The Book Job,11/20/11,NABF22,23,6,492,5.77,42780.0,7.8
480,499,The Daughter Also Rises,2/12/12,PABF06,23,13,499,4.26,40669.0,6.5
481,539,Steal This Episode,1/5/14,SABF05,25,9,539,12.04,45354.0,7.6
482,501,Exit Through the Kwik-E-Mart,3/4/12,PABF09,23,15,501,5.09,45133.0,6.9
483,523,"Black Eyed, Please",3/10/13,RABF09,24,15,523,4.85,42925.0,7.0
484,503,"Them, Robot",3/18/12,PABF10,23,17,503,5.25,43615.0,7.1
485,532,Treehouse of Horror XXIV,10/6/13,RABF16,25,2,532,6.42,64758.0,7.1
486,526,Pulpit Friction,4/28/13,RABF11,24,18,526,4.54,41184.0,6.5
487,519,The Changing of the Guardian,1/27/13,RABF04,24,11,519,5.23,42215.0,6.6
488,509,Moonshine River,9/30/12,PABF21,24,1,509,8.08,36570.0,6.4
489,514,A Tree Grows in Springfield,11/25/12,PABF22,24,6,514,7.46,43211.0,6.5
490,510,Treehouse of Horror XXIII,10/7/12,PABF17,24,2,510,6.57,67484.0,7.3
491,515,The Day the Earth Stood Cool,12/9/12,PABF20,24,7,515,7.44,40649.0,7.2
492,521,Hardly Kirk-ing,2/17/13,RABF05,24,13,521,4.57,42807.0,7.0
493,528,The Fabulous Faker Boy,5/12/13,RABF12,24,20,528,4.16,42426.0,6.3
494,535,Labor Pains,11/17/13,RABF19,25,5,535,4.08,40671.0,7.1
495,530,Dangers on a Train,5/19/13,RABF17,24,22,530,4.52,44984.0,7.0
496,218,"Marge Simpson in: ""Screaming Yellow Honkers""",2/21/99,AABF10,10,15,218,8.6,52778.0,7.3
497,544,The Winter of His Content,3/16/14,SABF09,25,14,544,4.02,44271.0,6.6
498,549,What to Expect When Bart's Expecting,4/27/14,SABF14,25,19,549,3.45,48760.0,5.8
499,560,Covercraft,11/23/14,TABF02,26,8,560,3.45,38432.0,6.5
500,565,Walking Big & Tall,2/8/15,TABF06,26,13,565,2.78,36221.0,6.3
501,579,Treehouse of Horror XXVI,10/25/15,TABF18,27,5,579,6.75,195.0,6.8
502,584,The Girl Code,1/3/16,VABF03,27,10,584,4.41,166.0,6.6
503,551,Pay Pal,5/11/14,SABF15,25,21,551,3.66,51132.0,6.7
504,575,Every Man's Dream,9/27/15,TABF14,27,1,575,3.28,187.0,5.9
505,572,Let's Go Fly a Coot,5/3/15,TABF13,26,20,572,3.12,40783.0,6.2
506,569,Waiting for Duffman,3/15/15,TABF10,26,17,569,3.59,37874.0,6.7
507,581,Lisa with an 'S',11/22/15,TABF20,27,7,581,5.64,145.0,6.3
508,563,Bart's New Friend,1/11/15,TABF05,26,11,563,4.28,39702.0,7.3
509,587,Love Is in the N2-O2-Ar-CO2-Ne-He-CH4,2/14/16,VABF07,27,13,587,2.89,158.0,6.3
510,571,The Kids Are All Fight,4/26/15,TABF12,26,19,571,3.33,42123.0,6.9
511,568,Sky Police,3/8/15,TABF09,26,16,568,3.79,43023.0,6.9
512,553,Clown in the Dumps,9/28/14,SABF20,26,1,553,8.53,29526.0,5.8
513,555,Super Franchise Me,10/12/14,SABF19,26,3,555,7.33,42912.0,6.5
514,586,Much Apu About Something,1/17/16,VABF05,27,12,586,3.95,170.0,6.7
515,561,I Won't Be Home for Christmas,12/7/14,TABF03,26,9,561,6.52,37064.0,6.8
516,556,Treehouse of Horror XXV,10/19/14,SABF21,26,4,556,7.76,65425.0,7.3
517,566,My Fare Lady,2/15/15,TABF07,26,14,566,2.67,35846.0,6.7
518,591,The Burns Cage,4/3/16,VABF10,27,17,591,2.32,190.0,6.5
519,574,Mathlete's Feat,5/17/15,TABF16,26,22,574,2.82,47429.0,6.9
520,589,Lisa the Veterinarian,3/6/16,VABF08,27,15,589,3.09,174.0,6.3
521,582,Paths of Glory,12/6/15,VABF01,27,8,582,5.53,170.0,7.1
522,577,Puffless,10/11/15,TABF19,27,3,577,3.31,160.0,7.2
523,31,Brush with Greatness,4/11/91,7F18,2,18,31,20.6,58561.0,8.0
524,45,Flaming Moe's,11/21/91,8F08,3,10,45,23.9,58968.0,8.8
525,5,Bart the General,2/4/90,7G05,1,5,5,27.1,63129.0,8.1
526,59,"Brother, Can You Spare Two Dimes?",8/27/92,8F23,3,24,59,17.2,50936.0,8.2
527,62,Homer the Heretic,10/8/92,9F01,4,3,62,19.3,64605.0,9.0
528,83,Cape Feare,10/7/93,9F22,5,2,83,20.0,65585.0,9.0
529,88,Bart's Inner Child,11/11/93,1F05,5,7,88,18.7,74139.0,7.7
530,96,Deep Space Homer,2/24/94,1F13,5,15,96,18.2,75439.0,8.8
531,100,Sweet Seymour Skinner's Baadasssss Song,4/28/94,1F18,5,19,100,19.7,66406.0,8.4
532,101,The Boy Who Knew Too Much,5/5/94,1F19,5,20,101,15.5,74427.0,8.2
533,109,Treehouse of Horror V,10/30/94,2F03,6,6,109,22.2,119295.0,9.0
534,128,Who Shot Mr. Burns? (Part One),5/21/95,2F16,6,25,128,15.0,86070.0,9.1
535,155,You Only Move Twice,11/3/96,3F23,8,2,155,13.9,79609.0,9.2
536,162,El Viaje Misterioso de Nuestro Jomer (The Mysterious Voyage of Homer),1/5/97,3F24,8,9,162,14.9,64743.0,8.5
537,176,Homer's Enemy,5/4/97,4F19,8,23,176,11.8,74177.0,9.2
538,182,Treehouse of Horror VIII,10/26/97,5F02,9,4,182,10.9,30963.0,8.1
539,185,The Two Mrs. Nahasapeemapetilons,11/16/97,5F04,9,7,185,11.4,19419.0,7.7
540,209,D'oh-in' in the Wind,11/15/98,AABF02,10,6,209,8.3,45779.0,7.6
541,256,Skinner's Sense of Snow,12/17/00,CABF06,12,8,256,15.9,56755.0,8.0
542,257,HOMR,1/7/01,BABF22,12,9,257,18.5,68784.0,8.0
543,266,Trilogy of Error,4/29/01,CABF14,12,18,266,14.4,53728.0,8.6
544,291,Poppa's Got a Brand New Badge,5/22/02,DABF17,13,22,291,8.2,53639.0,8.0
545,292,Treehouse of Horror XIII,11/3/02,DABF19,14,1,292,16.7,71817.0,7.6
546,495,Holidays of Future Passed,12/11/11,NABF18,23,9,495,6.43,69460.0,8.2
547,558,Simpsorama,11/9/14,SABF16,26,6,558,6.7,48223.0,7.9
548,578,Halloween of Horror,10/18/15,TABF22,27,4,578,3.69,196.0,7.5
549,594,To Courier with Love,5/8/16,VABF14,27,20,594,2.52,192.0,6.7
550,3,Homer's Odyssey,1/21/90,7G03,1,3,3,27.5,78072.0,7.5
551,235,Grift of the Magi,12/19/99,BABF07,11,9,235,7.76,48070.0,7.3
552,250,A Tale of Two Springfields,11/5/00,BABF20,12,2,250,16.2,40990.0,7.4
553,253,Homer vs. Dignity,11/26/00,CABF04,12,5,253,15.0,44005.0,7.2
554,282,The Old Man and the Key,3/10/02,DABF09,13,13,282,14.5,41049.0,6.5
555,307,'Scuse Me While I Miss the Sky,3/30/03,EABF11,14,16,307,12.6,43756.0,7.1
556,324,Margical History Tour,2/8/04,FABF06,15,11,324,8.9,42492.0,7.1
557,348,Mobile Homer,3/20/05,GABF07,16,13,348,8.49,45489.0,7.0
558,351,Don't Fear the Roofer,5/1/05,GABF10,16,16,351,11.92,41620.0,7.4
559,369,The Seemingly Never-Ending Story,3/12/06,HABF06,17,13,369,9.72,48854.0,7.4
560,371,"Homer Simpson, This Is Your Wife",3/26/06,HABF08,17,15,371,10.09,41323.0,6.5
561,374,The Wettest Stories Ever Told,4/23/06,HABF11,17,18,374,7.04,42280.0,6.7
562,403,Midnight Towboy,10/7/07,JABF21,19,3,403,7.7,35926.0,7.2
563,426,Homer and Lisa Exchange Cross Words,11/16/08,KABF19,20,6,426,8.52,38879.0,7.1
564,441,Coming to Homerica,5/17/09,LABF12,20,21,441,5.86,6477.0,7.2
565,445,Treehouse of Horror XX,10/18/09,LABF14,21,4,445,8.59,66209.0,7.3
566,458,American History X-cellent,4/11/10,MABF08,21,17,458,5.65,44645.0,6.7
567,460,The Squirt and the Whale,4/25/10,MABF14,21,19,460,5.94,40632.0,6.9
568,468,Treehouse of Horror XXI,11/7/10,MABF16,22,4,468,8.19,61954.0,7.1
569,493,The Man in the Blue Flannel Pants,11/27/11,PABF01,23,7,493,5.61,41687.0,6.8
570,524,Dark Knight Court,3/17/13,RABF10,24,16,524,4.89,44170.0,7.1
571,529,The Saga of Carl,5/19/13,RABF14,24,21,529,4.01,42996.0,7.2
572,546,You Don't Have to Live Like a Referee,3/30/14,SABF11,25,16,546,3.91,42080.0,6.9
573,567,The Princess Guide,3/1/15,TABF08,26,15,567,3.93,34137.0,6.6
574,592,How Lisa Got Her Marge Back,4/10/16,VABF11,27,18,592,2.55,188.0,6.4
575,596,Orange Is the New Yellow,5/22/16,VABF15,27,22,596,2.54,276.0,6.9
576,597,Monty Burns' Fleeing Circus,9/25/16,VABF20,28,1,597,3.36,994.0,6.6
577,262,New Kids on the Blecch,2/25/01,CABF12,12,14,262,18.1,50903.0,7.2
578,277,Sweets and Sour Marge,1/20/02,DABF03,13,8,277,12.3,54348.0,7.0
579,290,The Frying Game,5/19/02,DABF16,13,21,290,10.8,48954.0,7.1
580,303,I'm Spelling As Fast As I Can,2/16/03,EABF07,14,12,303,22.1,42885.0,7.3
581,304,A Star Is Born-Again,3/2/03,EABF08,14,13,304,14.4,42185.0,7.1
582,317,The Regina Monologues,11/23/03,EABF22,15,4,317,12.2,43134.0,7.1
583,356,"The Father, the Son, and the Holy Guest Star",5/15/05,GABF09,16,21,356,9.69,48303.0,7.2
584,361,Marge's Son Poisoning,11/13/05,GABF20,17,5,361,11.4,39428.0,6.9
585,373,"Kiss Kiss, Bang Bangalore",4/9/06,HABF10,17,17,373,8.2,47829.0,7.2
586,380,Jazzy and the Pussycats,9/17/06,HABF18,18,2,380,8.94,33495.0,6.7
587,401,He Loves to Fly and He D'ohs,9/23/07,JABF20,19,1,401,9.7,36253.0,6.7
588,404,I Don't Wanna Know Why the Caged Bird Sings,10/14/07,JABF19,19,4,404,8.8,35850.0,6.9
589,409,Eternal Moonshine of the Simpson Mind,12/16/07,KABF02,19,9,409,10.15,44862.0,8.2
590,429,Lisa the Drama Queen,1/25/09,KABF22,20,9,429,5.75,38582.0,5.9
591,431,How the Test Was Won,3/1/09,LABF02,20,11,431,6.52,41271.0,7.0
592,434,In the Name of the Grandfather,3/22/09,LABF11,20,14,434,6.15,45727.0,6.3
593,435,Wedding for Disaster,3/29/09,LABF05,20,15,435,6.58,43254.0,6.8
594,486,The Ned-Liest Catch,5/22/11,NABF15,22,22,486,5.25,43681.0,7.0
595,500,At Long Last Leave,2/19/12,PABF07,23,14,500,5.77,45226.0,7.0
596,502,How I Wet Your Mother,3/11/12,PABF08,23,16,502,4.97,44818.0,7.3
597,511,Adventures in Baby-Getting,11/4/12,PABF18,24,3,511,5.65,39687.0,6.9
598,542,Diggs,3/9/14,SABF08,25,12,542,2.69,39292.0,6.4
599,548,Days of Future Future,4/13/14,SABF13,25,18,548,3.64,55742.0,7.0
